<?xml version="1.0" encoding="UTF-8"?>
<project-private xmlns="http://www.netbeans.org/ns/project-private/1">
    <editor-bookmarks xmlns="http://www.netbeans.org/ns/editor-bookmarks/2" lastBookmarkId="0"/>
    <open-files xmlns="http://www.netbeans.org/ns/projectui-open-files/2">
        <group>
            <file>file:/C:/Users/0639300/OneDrive%20-%20John%20Abbott%20College/Java%203/IPD15-2018-Java/Quiz3TravelPlans/src/quiz3travelplans/TravelPlans.java</file>
            <file>file:/C:/Users/0639300/OneDrive%20-%20John%20Abbott%20College/Java%203/IPD15-2018-Java/Quiz3TravelPlans/src/quiz3travelplans/Database.java</file>
            <file>file:/C:/Users/0639300/OneDrive%20-%20John%20Abbott%20College/Java%203/IPD15-2018-Java/Quiz3TravelPlans/src/quiz3travelplans/Trip.java</file>
        </group>
    </open-files>
</project-private>
